<?xml version="1.0" encoding="UTF-8"?>
<project-private xmlns="http://www.netbeans.org/ns/project-private/1">
    <editor-bookmarks xmlns="http://www.netbeans.org/ns/editor-bookmarks/2" lastBookmarkId="0"/>
    <open-files xmlns="http://www.netbeans.org/ns/projectui-open-files/2">
        <group>
            <file>file:/D:/undip/tugas/keluarga_NO_DIP/src/keluarga_no_dip/Main.java</file>
            <file>file:/D:/undip/tugas/keluarga_NO_DIP/src/keluarga_no_dip/research/Research.java</file>
            <file>file:/D:/undip/tugas/keluarga_NO_DIP/src/keluarga_no_dip/relationships/Relationships.java</file>
            <file>file:/D:/undip/tugas/keluarga_NO_DIP/src/keluarga_no_dip/models/Person.java</file>
        </group>
    </open-files>
</project-private>
